Metric,Value
AUC Score,0.8700209643605871
Accuracy,0.7828947368421053
Precision,0.7272727272727273
Recall,0.6037735849056604
